hometown_city,hometown_state_clean,total
Abbeville,SC,2
Aberdeen,NJ,1
Abernathy,TX,1
Abilene,TX,3
Abington,PA,1
Absecon,NJ,1
Accokeek,MD,2
Ackerman,MS,2
Acton,MA,1
Acworth,GA,10
Ada,MI,1
Addison,TX,1
Adel,IA,2
Adelanto,CA,1
Advance,NC,1
Agoura Hills,CA,1
Akron,OH,12
Alabaster,AL,9
Alameda,CA,2
Alamo,CA,1
Alba,TX,1
Albany,GA,3
Albany,NY,1
Albany,OR,1
Albuquerque,NM,3
Alcoa,TN,2
Aldie,VA,1
Aledo,TX,9
Alexandria,LA,4
Alexandria,MN,1
Alexandria,VA,7
Alhambra,CA,1
Alief,TX,1
Aliquippa,PA,2
Allen,TX,16
Allentown,PA,2
Allison Park,PA,1
Alpharetta,GA,16
Alpine,UT,2
Altadena,CA,1
Altoona,IA,2
Altoona,PA,1
Alvin,TX,1
Amarillo,TX,5
Amelia County,VA,1
American Fork,UT,6
Ames,IA,2
Amite,LA,2
Anaheim,CA,4
Anaheim Hills,CA,1
Anchorage,AK,1
Andale,KS,1
Andalusia,AL,2
Anderson,CA,1
Anderson,SC,9
Andover,KS,1
Andrews,NC,1
Ankeny,IA,5
Annandale,MN,1
Annandale,VA,1
Annapolis,MD,3
Anniston,AL,6
Anoka,MN,1
Anthem,AZ,1
Antioch,CA,6
Antioch,IL,2
Antioch,TN,2
Apex,NC,3
Apopka,FL,12
Apple Valley,CA,2
Apple Valley,MN,1
Appomattox,VA,1
Arbutus,MD,1
Archbald,PA,1
Arden,NC,1
Ardmore,OK,5
Argyle,TX,8
Arkadelphia,AR,1
Arlington,TX,34
Arlington,VA,4
Arlington Heights,IL,5
Arroyo Grande,CA,1
Arvada,CO,1
Asbury Park,NJ,1
Ashburn,VA,13
Ashdown,AR,2
Asheboro,NC,1
Asheville,NC,5
Ashland,AL,1
Ashland,KS,1
Ashland,KY,1
Atascocita,TX,1
Athens,GA,6
Athens,TX,1
Atherton,CA,3
Atlanta,GA,80
Atoka,OK,2
Attleboro,MA,1
Atwood,IL,1
Aubrey,TX,1
Auburn,AL,7
Auburn,CA,1
Auburn,WA,5
Auburn Hills,MI,1
Aurora,CO,9
Aurora,IL,3
Aurora,NE,1
Aurora,OH,1
Austell,GA,2
Austin,TX,56
Austintown,OH,3
Averne,NY,1
Avon,OH,2
Avondale,AZ,1
Aylett,VA,1
Azle,TX,2
Bailey,NC,1
Bainbridge,GA,3
Bakersfield,CA,7
Baldwin Hills,CA,1
Baldwin Park,CA,2
Baldwin Village,CA,1
Ballston Lake,NY,1
Baltimore,MD,36
Bamberg,SC,1
Bannockburn,IL,2
Barnesville,GA,1
Barrington,IL,3
Bartow,FL,3
Basehor,KS,1
Basking Ridge,NJ,1
Bassett,VA,1
Bastrop,TX,2
Batavia,IL,3
Batesburg-Leesville,SC,1
Baton Rouge,LA,23
Battle Creek,MI,1
Baxley,GA,1
Bay City,MI,1
Bay City,TX,1
Bay Shore,NY,1
Bay Village,OH,1
Baytown,TX,1
Bear,DE,2
Beaufort,NC,1
Beaumont,TX,4
Beaver,UT,1
Beaver Falls,PA,2
Beaverton,OR,1
Bedford,TX,1
Bedminster,NJ,1
Beech Grove,IN,1
Beggs,OK,1
Bel Air,MD,2
Bellaire,TX,2
Belle Glade,FL,2
Belle Rose,LA,1
Belle Vernon,PA,3
Belleville,IL,5
Belleville,MI,8
Bellevue,NE,1
Bellevue,WA,4
Bellflower,CA,7
Bellingham,WA,6
Bellville,TX,1
Belmar,NJ,1
Belmont,CA,1
Belmont,MA,1
Beloit,KS,1
Belton,TX,1
Beltsville,MD,1
Bend,OR,2
Benkelman,NE,1
Bennington,NE,1
Bentonville,AR,4
Berea,OH,1
Berkeley,CA,3
Berlin,MD,1
Berrien Springs,MI,1
Berryhill,OK,1
Berwyn,IL,1
Bessemer,AL,4
Bethany,OK,1
Bethlehem,GA,1
Bethlehem,PA,4
Bettendorf,IA,5
Beverly,NJ,1
Beverly Hills,MI,4
Big Sandy,TX,1
Big Stone Gap,VA,1
Biggersville,MS,1
Billings,MT,1
Binghamton,NY,1
Birmingham,AL,43
Birmingham,MI,1
Bismarck,ND,1
Bixby,OK,5
Blacksburg,VA,4
Blackshear,GA,2
Blackstone,VA,1
Blairsville,GA,1
Bloomfield Hills,MI,2
Bloomington,IL,2
Bloomington,IN,6
Blue Point,NY,1
Blue Ridge,GA,1
Blue Springs,MO,4
Bluefield,VA,4
Bluefield,WV,1
Bluff City,TN,1
Blythewood,SC,4
Boca Raton,FL,4
Boemia,NY,1
Bogart,GA,4
Bogata,TX,1
Boiling Springs,NC,1
Boise,ID,1
Bolingbrook,IL,6
Bonita Springs,FL,1
Bonney Lake,WA,1
Boone,NC,2
Boonville,IN,2
Boonville,MO,2
Bordentown,NJ,1
Boston,MA,3
Bothell,WA,2
Bountiful,UT,4
Boutte,LA,2
Bowie,MD,6
Bowie,TX,1
Bowling Green,KY,7
Boynton Beach,FL,3
Bozeman,MT,1
Braceville,OH,1
Bradenton,FL,6
Bradley,FL,1
Brandon,MS,4
Braswell,TX,1
Breaux Bridge,LA,1
Brecksville,OH,3
Brenham,TX,2
Brent,AL,1
Brentwood,CA,5
Brentwood,TN,15
Brewster,KS,1
Bridgeport,CT,1
Bridgeville,DE,1
Bridgeville,PA,1
Bridgewater,NJ,1
Bridgewater,VA,1
Bristol,TN,1
Bristol,VA,1
Bristow,VA,2
Britt,IA,2
Broadview,IL,1
Brock,TX,4
Brockton,MA,3
Broken Arrow,OK,6
Bronx,NY,9
Bronxville,NY,1
Brookfield,WI,2
Brookhaven,MS,2
Brooklyn,NY,8
Brooklyn Park,MN,1
Brooksville,FL,2
Broomfield,CO,2
Broward,FL,1
Browns Store,VA,1
Brownsburg,IN,3
Brownstown,MI,1
Brownstown Township,MI,1
Brownsville,TN,4
Brownwood,TX,1
Brunswick,GA,4
Brunswick,OH,1
Bryan,OH,1
Bryan,TX,5
Bryans Road,MD,1
Bryant,AR,1
Bryn Mawr,PA,1
Buck Lake,FL,1
Buffalo,NY,5
Buffalo Grove,IL,1
Buford,GA,23
Burke,VA,3
Burleson,TX,1
Burlingame,CA,2
Burlington,KY,1
Burlington,MA,2
Burlington,NC,2
Burlington,NJ,1
Burnsville,MN,2
Burtonsville,MD,3
Butler,PA,1
Byfield,MA,1
Byhalia,MS,1
Byron,IL,1
Byron Center,MI,2
Cache,OK,1
Cahokia,IL,1
Cairo,GA,1
Calabasas,CA,3
Caldwell,ID,1
Caldwell,NJ,1
Calera,AL,2
Calhoun,GA,2
Calmar,IA,1
Camarillo,CA,3
Camas,WA,2
Cambridge,MA,1
Cambridge,WI,1
Camden,AR,1
Camden,NJ,6
Camden,SC,4
Cameron,NC,1
Camilla,GA,2
Campbell,CA,1
Campbellton,FL,1
Canadian,TX,1
Canal Winchester,OH,1
Canby,OR,1
Canfield,OH,2
Canoga Park,CA,1
Canton,GA,2
Canton,MA,1
Canton,MI,2
Canton,MS,3
Canton,OH,1
Canton,PA,1
Canton,TX,1
Canyon Country,CA,1
Cape Coral,FL,1
Capitola,CA,1
Carencro,LA,1
Carlisle,IA,1
Carlsbad,CA,6
Carlsbad,NM,2
Carmel,CA,2
Carmel,IN,13
Carnegie,PA,1
Carpinteria,CA,1
Carrabelle,FL,1
Carroll,IA,3
Carrollton,GA,5
Carrollton,TX,2
Carrolton,GA,1
Carson,CA,8
Cartersville,GA,6
Carthage,TX,3
Carver Ranches,FL,2
Cary,NC,6
Casa Grande,AZ,1
Cascade,WI,1
Cashion,OK,1
Cashmere,WA,1
Cashton,WI,1
Castalia,OH,1
Catawissa,PA,2
Cedar City,UT,1
Cedar Hill,TX,8
Cedar Hills,UT,2
Cedar Park,TX,1
Cedar Rapids,IA,9
Cedarburg,WI,2
Cedartown,GA,3
Centennial,CO,3
Center Point,IA,1
Centeron,AR,1
Centerville,LA,1
Centerville,OH,1
Central,SC,4
Centre,AL,1
Centreville,AL,1
Centreville,VA,6
Ceredo,WV,1
Cerritos,CA,1
Chagrin Falls,OH,2
Chalfont,PA,1
Champaign,IL,2
Chandler,AZ,34
Channahon,IL,1
Chantilly,VA,2
Chanute,KS,1
Chapel Hill,NC,2
Chapin,SC,2
Chapman,KS,1
Chardon,OH,1
Charleston,MS,1
Charleston,SC,4
Charleston,WV,4
Charlotte,NC,58
Charlottesville,VA,1
Chaska,MN,1
Chatham,LA,1
Chatsworth,CA,3
Chatsworth,GA,1
Chattanooga,TN,4
Chatworth,GA,1
Cheektowaga,NY,1
Chehalis,WA,1
Chelsea,AL,1
Chelsea,MI,1
Cheraw,SC,1
Chesapeake,VA,7
Chesapeake Beach,MD,1
Chester,SC,1
Chester,VA,3
Chesterfield,MO,3
Chesterfield,VA,4
Chestnut Hill,MA,1
Chevy Chase,MD,2
Chicago,IL,56
Chicago Heights,IL,1
Chico,CA,1
Chino,CA,2
Choctaw,OK,4
Christiansburg,VA,1
Chubbuck,ID,1
Chula Vista,CA,3
Churubusco,IN,1
Cibolo,TX,1
Cincinnati,OH,50
Cinnaminson,NJ,1
Clackamas,OR,1
Clare,IA,1
Claremont,CA,2
Claremore,OK,1
Clarendon,AR,1
Clarendon,TX,1
Clarendon Hills,IL,1
Clarks Summit,PA,1
Clarksburg,MD,2
Clarksdale,MS,3
Clarkston,MI,6
Clarksville,MD,2
Clayton,DE,1
Clayton,IN,1
Clayton,MO,1
Clayton,NC,5
Clayton,OH,3
Clearwater,FL,1
Clemson,SC,7
Clermont,FL,2
Cleveland,OH,8
Cleveland,TN,2
Cleveland Heights,OH,1
Cleves,OH,1
Clewiston,FL,2
Clifton,VA,2
Clinton,LA,1
Clinton,NC,1
Clinton,SC,1
Clinton,TN,1
Clinton Township,MI,1
Closter,NJ,1
Clover,SC,2
Clovis,CA,5
Clovis,NM,1
Coatesville,PA,1
Cochran,GA,1
Cocoa,FL,7
Cocoa Beach,FL,1
Coconut Creek,FL,2
Coconut Grove,FL,3
Coeur d'Alene,ID,1
Coffeyville,KS,1
Colby,KS,1
Coldwater,OH,1
Colerain,OH,1
College Park,GA,2
College Station,TX,9
Colleyville,TX,9
Collierville,TN,5
Collins,MS,1
Colorado Springs,CO,10
Colts Neck,NJ,1
Columbia,LA,1
Columbia,MD,4
Columbia,MO,6
Columbia,MS,4
Columbia,SC,21
Columbia Heights,MN,1
Columbus,GA,11
Columbus,IN,1
Columbus,MS,3
Columbus,NC,1
Columbus,NE,3
Columbus,OH,17
Commerce City,CO,1
Compton,CA,3
Concord,CA,3
Concord,MA,1
Concord,NC,7
Concord,OH,1
Concord,VA,1
Conroe,TX,3
Converse,TX,2
Conway,AR,4
Conway,SC,2
Conyers,GA,5
Coolidge,GA,1
Cooper City,FL,1
Coos Bay,OR,2
Coppell,TX,4
Coral Springs,FL,2
Coram,NY,1
Cordele,GA,4
Corinth,TX,1
Cornelius,NC,4
Corona,CA,9
Corona,NY,1
Coronado,CA,2
Corpus Christi,TX,4
Corryton,TN,1
Corte Madera,CA,1
Corvallis,OR,2
Costa Mesa,CA,1
Cottonwood Heights,UT,4
Council Bluffs,IA,4
Country Club Hills,IL,1
Covina,CA,2
Covington,GA,9
Covington,LA,1
Covington,TN,1
Covington,VA,1
Cranberry Township,PA,1
Crawfordsville,IA,1
Craytonville,SC,1
Creston,OH,1
Crewe,VA,1
Crofton,MD,2
Cross Plains,TN,1
Crowley,LA,1
Crowley,TX,2
Crown Point,IN,1
Crownsville,MD,1
Crozet,VA,1
Crystal,MN,1
Crystal Lake,IL,2
Crystal Springs,MS,2
Cuero,TX,1
Cullen,LA,1
Cullman,AL,2
Culpeper,VA,2
Culver City,CA,2
Cumberland,MD,2
Cumming,GA,12
Cuyahoga Falls,OH,1
Cypress,TX,21
D'Iberville,MS,1
Dacula,GA,4
Dalevile,VA,1
Dallas,GA,3
Dallas,TX,61
Dallastown,PA,1
Dalton,GA,1
Dalzell,SC,1
Damascus,MD,2
Dana Point,CA,1
Danbury,CT,2
Danbury,NC,1
Danforth,IL,1
Dania Beach,FL,1
Danielsville,GA,1
Danville,CA,8
Danville,IL,2
Danville,KY,4
Danville,VA,1
Daphne,AL,3
Darien,CT,2
Darnestown,MD,1
Davenport,IA,1
Davidson,NC,2
Davidsonville,MD,1
Davidsville,PA,1
Davie,FL,3
Davie County,NC,1
Davis,CA,1
Davison,MI,1
Dawson,MN,1
Dawsonville,GA,2
Dayton,IA,1
Dayton,OH,8
Daytona Beach,FL,4
De Pere,WI,1
DeForest,WI,1
DeLand,FL,2
DeRidder,LA,1
DeSoto,TX,13
DeWitt,MI,2
Dearborn,MI,1
Decatur,AL,1
Decatur,GA,4
Decatur,IL,1
Deer Park,IL,2
Deerfield,IL,3
Deerfield,MA,1
Deerfield Beach,FL,3
Defiance,IA,1
Del City,OK,4
Del Valle,TX,1
Delafield,WI,1
Deland,FL,1
Delavan,WI,1
Delaware,OH,3
Delmar,DE,1
Delran,NJ,2
Delray Beach,FL,3
Demopolis,AL,1
Demorest,GA,1
Denton,MD,1
Denton,TX,15
Denver,CO,6
Denver,NC,3
Derby,KS,2
Derwood,MD,1
Des Moines,IA,8
Desoto,TX,1
Destrehan,LA,1
Detroit,MI,45
Detroit Lakes,MN,1
Dexter,MI,4
Dickinson,TX,4
Dickson,TN,1
Dike,IA,1
Dillon,SC,1
District Heights,MD,5
Dolton,IL,1
Donaldsonville,LA,1
Donalsonville,GA,1
Dorchester,MA,1
Dothan,AL,2
Douglas,GA,1
Douglasville,GA,13
Dover,MA,1
Downers Grove,IL,1
Downey,CA,3
Downingtown,PA,4
Doylestown,PA,1
Draper,UT,8
Dripping Springs,TX,4
Duarte,CA,3
Dublin,GA,3
Dublin,OH,9
Dubuque,IA,3
Duluth,GA,6
Dumas,AR,2
Duncan,SC,2
Duncanville,TX,8
Dunnellon,FL,1
Durango,CO,3
Durant,IA,1
Durham,NC,9
Duvall,WA,1
Dyersburg,TN,1
D’Iberville,MS,1
Eads,TN,1
Eagan,MN,1
Eagle,ID,3
Eagle Mountain,UT,1
East Bernard,TX,1
East Camden,NJ,1
East Chicago,IN,1
East Cobb,GA,1
East Greenwich,RI,1
East Haven,CT,1
East Lake,FL,2
East Lansing,MI,3
East Menlo Park,CA,1
East Oakland,CA,1
East Orange,NJ,6
East Palo Alto,CA,9
East Saint Louis,IL,1
East St. Louis,IL,3
East St.Louis,IL,1
East Wenatchee,WA,1
Eastlake,OH,1
Eastland,TX,1
Eastman,GA,1
Easton,MD,1
Eastvale,CA,2
Eaton Rapids,MI,1
Eatonton,GA,1
Eau Claire,WI,2
Eau Gallie,FL,1
Eden,NC,1
Eden Prairie,MN,5
Edgar,WI,1
Edgewater,MD,1
Edgewood,MD,1
Edgewood,WA,1
Edina,MN,2
Edmond,OK,6
Edmonds,WA,3
Edwards,MS,1
Egg Harbor Township,NJ,1
El Campo,TX,1
El Dorado,AR,1
El Dorado,KS,1
El Dorado Hills,CA,2
El Mirage,AZ,1
El Paso,IL,1
El Paso,TX,4
El Segundo,CA,1
Elburn,IL,1
Eldersburg,MD,1
Eldridge,IA,2
Elijay,GA,1
Elizabeth,NJ,1
Elk Grove,CA,2
Elk River,MN,1
Elkhorn,NE,4
Elkhorn,WI,1
Elkin,NC,1
Ellaville,GA,1
Ellenwood,GA,9
Ellicott,MD,1
Ellicott City,MD,1
Ellsworth,WI,1
Elm City,NC,1
Elmwood Park,NJ,1
Elon,NC,1
Elsie,MI,1
Elyria,OH,1
Elysburg,PA,3
Eminence,KY,1
Emporia,KS,1
Encinitas,CA,1
Encino,CA,1
Englewood,CO,4
Englewood,NJ,1
Englewood,OH,1
Englishtown,NJ,1
Enid,OK,2
Ennis,TX,1
Enon,OH,1
Enterprise,AL,4
Enumclaw,WA,1
Erial,NJ,1
Erie,CO,1
Erie,PA,1
Erin,WI,1
Essex Fells,NJ,1
Estacada,OR,1
Estero,FL,1
Estherville,IA,1
Euclid,OH,1
Eudora,KS,1
Eufaula,AL,3
Eugene,OR,5
Eureka,MO,1
Eustis,FL,1
Evans,GA,2
Everett,MA,3
Everett,WA,2
Evergreen,AL,2
Evergreen,CO,1
Evergreen Park,IL,1
Ewa Beach,HI,5
Fair Oaks Ranch,TX,1
Fairburn,GA,5
Fairfax,VA,4
Fairfield,AL,1
Fairfield,CA,3
Fairfield,CT,2
Fairfield,OH,4
Fairhope,AL,1
Fairmont,MN,1
Fairmont,NC,1
Fairmont,WV,2
Fairview,NC,1
Fairview,TN,1
Fall River,MA,1
Fallbrook,CA,2
Falls Church,VA,1
Far Rockaway,NY,1
Fargo,ND,1
Farmers Branch,TX,1
Farmerville,LA,1
Farmingdale,NJ,1
Farmingdale,NY,1
Farmington,MI,2
Farmington,NM,1
Farmington Hills,MI,4
Farnhamville,IA,1
Faulkville,GA,1
Fayetteville,AR,6
Fayetteville,GA,6
Fayetteville,NC,4
Fayetteville,TN,1
Federal Way,WA,4
Fenton,MI,1
Fernandina Beach,FL,2
Ferndale,WA,4
Festus,MO,2
Findlay,OH,2
Fishers,IN,3
Fitchburg,MA,1
Fitchburg,WI,1
Fitzgerald,GA,1
Flagstaff,AZ,1
Fletcher,NC,1
Flora,MS,1
Florence,AL,4
Florence,AZ,1
Florence,KY,1
Florence,MS,1
Florence,SC,4
Florida City,FL,1
Flower Mound,TX,10
Flowood,MS,2
Floyd Knobs,IN,1
Floyds Knobs,IN,1
Foley,AL,1
Folsom,CA,1
Fond du Lac,WI,1
Fontana,CA,4
Foothill Ranch,CA,1
Forest Park,GA,1
Forney,TX,1
Forsyth,GA,1
Fort Atkinson,WI,1
Fort Branch,IN,1
Fort Collins,CO,4
Fort Lauderdale,FL,46
Fort Mill,SC,7
Fort Myers,FL,9
Fort Payne,AL,1
Fort Pierce,FL,8
Fort Smith,AR,2
Fort Valley,GA,5
Fort Walton Beach,FL,2
Fort Washington,PA,1
Fort Wayne,IN,7
Fort Worth,TX,29
Fountain,CO,1
Fountain Inn,SC,1
Fountain Valley,CA,1
Fox Island,WA,1
Foxborough,MA,1
Frackville,PA,1
Frankfort,IL,6
Frankfort,KY,1
Franklin,GA,1
Franklin,MA,1
Franklin,MI,1
Franklin,OH,1
Franklin,TN,6
Franklin,TX,1
Franklin,WI,3
Franklin Lakes,NJ,2
Franklin Park,NJ,1
Frederick,MD,2
Fredericksburg,VA,6
Fredon,NJ,1
Freehold,NJ,1
Freeport,TX,1
Fremont,NE,2
Fremont,OH,1
French Camp,MS,1
Frenchtown,NJ,1
Fresno,CA,10
Fresno,TX,1
Friendship,MS,1
Friendswood,TX,3
Frisco,TX,26
Frontenac,KS,1
Fruita,CO,1
Ft.  Mill,SC,1
Ft. Dodge,IA,1
Ft. Lauderdale,FL,8
Ft. Myers,FL,1
Ft. Washington,MD,1
Ft. Wayne,IN,2
Fullerton,CA,1
Fulshear,TX,2
Fulton,MS,1
Gadsden,AL,3
Gaffney,SC,3
Gainesville,FL,10
Gainesville,GA,9
Gainesville,VA,1
Gainsville,VA,1
Gaithersburg,MD,4
Galax,VA,1
Galena,OH,1
Galesburg,MI,1
Galloway,NJ,1
Galva,KS,1
Galveston,TX,1
Garden City,NY,1
Garden Grove,CA,2
Gardena,CA,3
Gardendale,AL,2
Gardner,WI,1
Garland,TX,7
Gary,IN,1
Gastonia,NC,3
Geismar,LA,1
Georgetown,KY,4
Georgetown,TX,3
Germantown,MD,5
Gibson City,IL,3
Gibsonia,PA,3
Gibsonville,NC,2
Gifford,FL,1
Gig Harbor,WA,4
Gilbert,AZ,18
Gillette,NJ,1
Gilman,IL,1
Gilmer,TX,1
Girard,IL,1
Gladewater,TX,1
Gladwyne,PA,1
Glasgow,KY,1
Glassboro,NJ,1
Glastonbury,CT,1
Glen Allen,VA,4
Glen Burnie,MD,3
Glen Carbon,IL,1
Glen Ellyn,IL,5
Glen Mills,PA,1
Glenarden,MD,1
Glendale,AZ,5
Glendora,CA,2
Glenn Dale,MD,3
Glenn Heights,TX,1
Glenview,IL,3
Gloucester,VA,1
Glouster,OH,1
Goddard,KS,1
Goldsboro,NC,1
Gonzales,LA,2
Goochland,VA,1
Gooding,ID,1
Goodyear,AZ,3
Gordo,AL,1
Gordon,GA,1
Goulds,FL,2
Graceville,FL,1
Grafton,WI,1
Graham,WA,2
Granada Hills,CA,1
Grand Bay,AL,1
Grand Blanc,MI,2
Grand Haven,MI,1
Grand Island,NE,1
Grand Junction,CO,2
Grand Prairie,TX,12
Grand Rapids,MI,4
Grandview,TX,2
Granger,TX,1
Granite Bay,CA,1
Grantham,NH,1
Grants Pass,OR,2
Granville,OH,1
Grapevine,TX,3
Gray,GA,1
Grayling,MI,2
Grayson,GA,4
Great Falls,MT,1
Great Falls,VA,1
Green Bay,WI,2
Green Valley Ranch,CO,1
Greenback,TN,1
Greenbank,WA,1
Greenbelt,MD,1
Greenbrier,TN,1
Greeneville,TN,2
Greenland,AR,1
Greensboro,NC,15
Greensburg,IN,1
Greensburg,PA,1
Greenville,FL,1
Greenville,MS,3
Greenville,NC,1
Greenville,SC,11
Greenwich,CT,4
Greenwood,IN,9
Greenwood,MS,1
Greenwood,SC,3
Greenwood Village,CO,1
Greer,SC,3
Gretna,LA,1
Gretna,NE,3
Gridley,CA,1
Griffin,GA,4
Grosse Pointe,MI,1
Grosse Pointe Park,MI,1
Groton,CT,1
Grove,OK,1
Groveport,OH,2
Grover,NC,1
Groves,TX,1
Grovetown,GA,2
Gruver,TX,1
Guilford,IN,1
Gulf Breeze,FL,2
Gulf Shores,AL,1
Gurnee,IL,2
Gwynedd Valley,PA,1
Hagerstown,MD,1
Haines City,FL,1
Hainesport,NJ,1
Hallettsville,TX,1
Hamilton,OH,4
Hamlet,NC,2
Hampstead,NC,2
Hampton,GA,4
Hampton,SC,1
Hampton,VA,2
Hanford,CA,1
Hanover,PA,1
Hanover Township,PA,1
Happy Valley,OR,2
Harbor City,CA,1
Hardin,TX,1
Harker Heights,TX,3
Harlan,IA,1
Harlem,NY,7
Harrah,OK,1
Harrisburg,NC,1
Harrisburg,PA,7
Harrisburg,SD,1
Harrison,AR,1
Hartford,AL,1
Hartford,CT,1
Hartford,WI,1
Hartland,MI,2
Hartland,WI,6
Hartley,IA,1
Hartsville,SC,1
Hartwell,GA,2
Harvey,LA,2
Haslet,TX,3
Hattiesburg,MS,9
Havana,FL,1
Havelock,NC,4
Havre de Grace,MD,2
Hawarden,IA,1
Haworth,NJ,1
Hawthorn Woods,IL,1
Hawthorne,CA,2
Hawthorne,FL,2
Hayes,VA,1
Haymarket,VA,2
Haynesville,LA,1
Hays,KS,2
Hayward,CA,4
Heartland,TX,1
Heath,TX,3
Heber City,UT,1
Hebron,KY,1
Helena,AL,1
Helena,MT,1
Helotes,TX,1
Hempstead,NY,1
Henderson,KY,1
Henderson,NV,4
Henderson,TX,2
Hendersonville,TN,5
Henrico,VA,2
Hermitage,PA,2
Hermitage,TN,1
Herndon,VA,1
Herriman,UT,1
Hialeah,FL,1
Hickory,NC,2
Hickory Hills,IL,1
High Point,NC,1
Highland,UT,5
Highland Home,AL,1
Highland Park,TX,1
Highland Village,TX,1
Highlands Ranch,CO,7
Hilliard,OH,1
Hillsboro,MO,1
Hillsboro,OR,1
Hillsborough,NC,1
Hillsborough,NJ,4
Hillside,NJ,2
Hilo,HI,1
Hilton,NY,1
Hilton Head,SC,3
Hilton Head Island,SC,2
Hinesville,GA,1
Hingham,MA,1
Hinsdale,IL,3
Ho-Ho-Kus,NJ,1
Hoboken,NJ,1
Hodgenville,KY,1
Hoffman Estates,IL,2
Hogansville,GA,2
Holbrook,NY,1
Holladay,UT,2
Holland,MI,3
Holland,NJ,1
Holland,PA,1
Hollis,NH,1
Holliston,MA,1
Hollywood,FL,10
Holmdel,NJ,1
Holmen,WI,1
Holt,MI,2
Homerville,GA,1
Homestead,FL,2
Homestead,PA,1
Homewood,AL,1
Homewood,IL,2
Honea Path,SC,1
Honolulu,HI,21
Hooks,TX,1
Hoover,AL,11
Hope,AR,1
Hopewell,VA,1
Horace,ND,1
Horn Lake,MS,2
Hoschton,GA,3
Houlton,WI,2
Houma,LA,4
Houston,TX,104
Hubbard,OH,1
Huber Heights,OH,1
Hudson,MA,1
Hudson,OH,1
Hudsonville,MI,2
Hueytown,AL,1
Hughes,AR,1
Humble,TX,7
Humboldt,IA,2
Huntersville,NC,2
Huntington Beach,CA,10
Huntingtown,MD,2
Huntley,IL,1
Huntsville,AL,9
Huntsville,TX,2
Hurricane,WV,1
Hutchinson,MN,2
Huxley,IA,1
Hyattsville,MD,2
Hyde Park,MA,3
Idaho Falls,ID,2
Ijamsville,MD,1
Independence,MO,1
Independence,MS,1
Indian Trail,NC,2
Indianapolis,IN,37
Indianola,IA,1
Indio,CA,1
Inglewood,CA,15
Inkster,MI,2
Inland Empire,CA,2
Inman,SC,4
Inwood,WV,1
Iowa,LA,1
Iowa City,IA,5
Iowa Falls,IA,1
Irmo,SC,5
Ironton,OH,4
Irvine,CA,4
Irving,TX,1
Irvington,NJ,3
Isle of Palms,SC,1
Islip,NY,1
Itta Bena,MS,1
Jackonsville,NC,1
Jackson,AL,2
Jackson,GA,1
Jackson,MO,2
Jackson,MS,9
Jackson,NJ,1
Jackson,OH,1
Jackson,TN,2
Jacksonville,FL,50
Jacksonville,NC,2
Jamaica,NY,1
Jamesburg,NJ,1
Jamestown,IN,1
Jamesville,NY,1
Jeannette,PA,1
Jefferson,GA,4
Jefferson,OH,1
Jefferson,TX,1
Jefferson City,MO,1
Jefferson Hills,PA,1
Jefferson Township,NJ,1
Jenks,OK,5
Jennings,LA,2
Jersey City,NJ,8
Jesup,GA,2
John's Creek,GA,1
Johns Creek,GA,3
Johnson,NE,1
Johnson County,KY,1
Johnston,SC,1
Johnston City,IL,1
Joliet,IL,1
Jonesboro,AR,4
Jonesboro,GA,1
Jonesborough,TN,2
Judson,TX,1
Junction City,KS,1
Justin,TX,2
Kahuku,HI,4
Kailua,HI,1
Kalamazoo,MI,1
Kamas,UT,1
Kaneohe,HI,1
Kankakee,IL,2
Kannapolis,NC,1
Kansas City,KS,9
Kansas City,MO,21
Kapa'a,HI,2
Kaplan,LA,1
Kapolei,HI,4
Katy,TX,34
Kaukauna,WI,1
Kaysville,UT,2
Kealakekua,HI,1
Kearney,MO,1
Kearney,NE,1
Kearny,NJ,1
Keller,TX,4
Kellogg,ID,2
Kemah,TX,1
Kenmore,WA,1
Kennedale,TX,2
Kenner,LA,3
Kennesaw,GA,16
Kennewick,WA,2
Kenova,WV,2
Kent,WA,1
Kentfield,CA,1
Kentwood,MI,1
Kernersville,NC,2
Kerrville,TX,1
Keswick,VA,1
Kewaunee,WI,1
Key Biscayne,FL,1
Key West,FL,2
Keyser,WV,1
Killeen,TX,7
Killen,AL,1
Kinder,LA,1
King of Prussia,PA,1
Kingland,GA,1
Kings Mills,OH,2
Kings Mountain,NC,1
Kingsland,GA,3
Kingsport,TN,1
Kingston Springs,TN,1
Kingwood,TX,1
Kinnelon,NJ,1
Kirkland,WA,1
Kirkwood,MO,1
Kissimmee,FL,10
Klein,TX,2
Knightdale,NC,3
Knott County,KY,1
Knoxville,IA,3
Knoxville,TN,15
Kokomo,IN,1
Kosciusko,MS,1
Kyle,TX,1
La Feria,TX,1
La Grange,GA,1
La Grange,IL,1
La Grange,TX,1
La Grange Park,IL,1
La Jolla,CA,2
La Marque,TX,1
La Porte,TX,2
La Puente,CA,1
La Vergne,TN,2
La Vista,NE,1
LaGrange,GA,5
LaGrange,KY,1
LaPlace,LA,2
Lacey,WA,2
Ladera Ranch,CA,2
Lafayette,CA,3
Lafayette,IN,1
Lafayette,LA,11
Laguna Hills,CA,3
Laie,HI,6
Lake,MS,1
Lake Braddock,VA,1
Lake Charles,LA,5
Lake City,FL,4
Lake Elsinore,CA,2
Lake Forest,CA,1
Lake Forest,IL,8
Lake Havasu,AZ,1
Lake Mary,FL,4
Lake Mills,IA,1
Lake Nona,FL,2
Lake Orion,MI,1
Lake Oswego,OR,5
Lake Placid,FL,1
Lake Stevens,WA,3
Lake Villa,IL,1
Lake Wales,FL,3
Lake Worth,FL,2
Lake in the Hills,IL,1
Lakeland,FL,15
Lakeville,MN,4
Lakewood,CA,4
Lakewood,CO,1
Lakewood,OH,2
Lakewood,WA,3
Lakin,KS,1
Lancaster,CA,3
Lancaster,OH,1
Lancaster,PA,3
Lancaster,TX,6
Land O' Lakes,FL,1
Landenberg,PA,1
Lanett,AL,3
Lanham,MD,2
Lansing,KS,3
Lansing,MI,3
Largo,MD,3
Las Cruces,NM,2
Las Vegas,NV,32
Lathrup Village,MI,1
Lauderdale Lakes,FL,2
Lauderhill,FL,4
Laurel,MD,3
Laurel,MS,1
Laurens,SC,3
Lavon,TX,1
Lawndale,CA,3
Lawrence,KS,8
Lawrenceville,GA,11
Lawton,OK,2
Layton,UT,2
League City,TX,7
Leander,TX,1
Leavenworth,KS,1
Leawood,KS,4
Lebanon,IN,1
Lebanon,MO,1
Lebanon,OR,2
Lebanon,TN,2
Lee's Summit,MO,6
Leechburg,PA,1
Leeds,AL,1
Leesburg,FL,1
Leesburg,GA,6
Leesburg,VA,4
Lee’s Summit,MO,2
Lehi,UT,7
Lehigh Acres,FL,5
Lehigh Valley,PA,1
Lemont,IL,1
Lemoore,CA,1
Lena,IL,2
Lenexa,KS,5
Lenox,MA,1
Leo,IN,2
Leominster,MA,1
Leonardtown,MD,1
Leroy,AL,2
Levittown,PA,1
Lewis Center,OH,2
Lewisburg,TN,1
Lewiston,ID,1
Lewisville,TX,4
Lexington,KY,15
Lexington,MS,3
Lexington,SC,2
Lexington,TX,1
Liberty,MO,1
Liberty Township,OH,1
Ligonier,IN,1
Lihue,HI,1
Lilburn,GA,2
Lima,OH,2
Lincoln,NE,11
Lincolnshire,IL,1
Lincolnton,NC,2
Lindale,TX,1
Lindenhurst,NY,1
Lisle,IL,1
Litchfield Park,AZ,1
Lithia,FL,3
Lititz,PA,2
Little Elm,TX,8
Little River,SC,1
Little Rock,AR,11
Littleton,CO,8
Live Oak,FL,2
Livemore,CA,1
Livermore,CA,2
Livingston,AL,1
Livonia,MI,2
Loachapoka,AL,1
Locust Grove,GA,2
Lodi,NJ,1
Loganville,GA,10
Lombard,IL,1
Lompoc,CA,1
London,OH,1
Lone Tree,CO,2
Long Beach,CA,19
Long Grove,IA,2
Long Island,NY,3
Long Lake,MN,1
Longview,TX,6
Loomis,CA,2
Lorain,OH,1
Loreauville,LA,1
Loris,SC,1
Los Alamitos,CA,2
Los Angeles,CA,32
Los Gatos,CA,3
Louisa,VA,1
Louisburg,KS,1
Louisville,GA,1
Louisville,KY,32
Louisville,MS,5
Lovejoy,GA,2
Loveland,CO,2
Loveland,OH,1
Lowell,MA,1
Lubbock,TX,12
Lucas,TX,2
Lucedale,MS,3
Lufkin,TX,3
Lugoff,SC,1
Lumberton,NC,3
Lusby,MD,1
Lutcher,LA,1
Lynchburg,VA,5
Lynden,WA,3
Lyndon,KS,1
Lynn,MA,1
Lynnwood,WA,1
Lynwood,CA,1
Mableton,GA,2
Macomb,MI,2
Macomb Township,MI,1
Macon,GA,4
Madeira,OH,1
Madera,CA,1
Madison,AL,4
Madison,FL,1
Madison,MS,6
Madison,WI,3
Madisonville,KY,1
Magee,MS,1
Magnolia,TX,3
Mahomet,IL,1
Maiden,NC,2
Maineville,OH,1
Maitland,FL,1
Malibu,CA,2
Malvern,AR,1
Manassas,VA,3
Manchester,CT,1
Manchester,NH,1
Mandeville,LA,5
Manhattan,KS,5
Manhattan,NY,1
Manhattan Beach,CA,4
Manor,TX,4
Manorville,NY,1
Mansfield,MA,1
Mansfield,OH,3
Mansfield,TX,19
Manteno,IL,1
Mantorville,MN,1
Manvel,TX,4
Manville,NJ,1
Many,LA,1
Maple Grove,MN,3
Maplesville,AL,1
Marana,AZ,1
Marcellus,MI,1
Margate,FL,1
Maricopa,AZ,1
Marietta,GA,27
Marin City,CA,1
Marina,CA,1
Marion,IA,1
Marion,SC,1
Marlin,TX,2
Marlow,OK,1
Marrero,LA,4
Mars,PA,2
Marshall,MI,1
Marshall,MN,2
Marshall,TX,3
Marshall,VA,1
Martin,TN,2
Martinez,CA,1
Martinsburg,WV,2
Martinsville,VA,1
Marysville,KS,1
Marysville,OH,1
Maryville,TN,1
Mason,OH,5
Mason,TX,1
Massapequa,NY,1
Massillon,OH,5
Matthews,NC,3
Maui,HI,2
Mauldin,SC,3
Maumelle,AR,2
Maunaloa,HI,1
Mays Landing,NJ,1
McAlester,OK,1
McCordsville,IN,1
McCormick,SC,1
McDonald,PA,1
McDonough,GA,11
McKinney,TX,7
McLean,VA,1
McMinnville,TN,1
McMurray,PA,1
McPherson,KS,2
McRae,GA,1
Mcdonough,GA,1
Mclean,VA,2
Mebane,NC,1
Mechanicsville,VA,1
Medfield,MA,1
Medford,NJ,2
Medford,OR,1
Medina,MN,1
Medina,OH,3
Melbourne,FL,9
Melissa,TX,1
Melrose,MA,2
Melville,NY,2
Memphis,TN,37
Menasha,WI,1
Mendham,NJ,1
Mendon,UT,1
Menifee,CA,2
Menlo Park,CA,2
Menomonee Falls,WI,3
Mentor,OH,5
Mequon,WI,2
Merced,CA,1
Meridian,ID,3
Meridian,MS,4
Merrillville,IN,3
Merritt Island,FL,1
Mesa,AZ,13
Mesquite,TX,5
Metairie,LA,4
Miami,FL,80
Miami Gardens,FL,5
Miamisburg,OH,1
Michigan City,IN,1
Middle Village,NY,1
Middlesex,NC,2
Middlesex,NJ,1
Middleton,WI,2
Middletown,DE,3
Middletown,MD,1
Middletown,NJ,1
Middletown,OH,1
Midland,TX,4
Midlothian,TX,3
Midlothian,VA,2
Midway,UT,1
Milan,MI,1
Milford,DE,1
Milford,NJ,1
Milford,OH,1
Milford,UT,1
Mililani,HI,2
Millbrook,NY,1
Millcreek,UT,1
Milledgeville,GA,2
Millsboro,DE,1
Millstone,NJ,1
Millville,NJ,2
Milton,FL,2
Milton,GA,10
Milton,MA,1
Milwaukee,WI,6
Milwaukie,OR,1
Minneapolis,MN,11
Minneola,FL,2
Minnetonka,MN,1
Miramar,FL,5
Mishawaka,IN,3
Mission,KS,1
Mission Hills,CA,3
Mission Viejo,CA,9
Missoula,MT,1
Missouri City,TX,21
Missouri Valley,IA,1
Mitchellville,MD,1
Mobile,AL,19
Modesto,CA,2
Mokena,IL,1
Moline,IL,1
Monaca,PA,2
Monessen,PA,1
Monmouth Beach,NJ,3
Monmouth Junction,NJ,1
Monroe,GA,2
Monroe,LA,10
Monroe,NC,1
Monroe,WA,2
Monroe,WI,1
Monroeville,AL,1
Monrovia,CA,1
Monsey,NY,1
Montclair,NJ,5
Monterey,CA,1
Montgomery,AL,22
Montgomery,TX,2
Montgomery Village,MD,2
Monticello,AR,1
Monticello,MS,1
Montoursville,PA,1
Montrose,CA,1
Montrose,MI,1
Montvale,NJ,1
Monument,CO,1
Moody,AL,1
Moore,OK,3
Moorestown,NJ,2
Mooresville,NC,4
Moorhead,MN,1
Moorpark,CA,2
Moraga,CA,1
Moreland,GA,1
Moreno Valley,CA,2
Morganfield,KY,1
Morgantown,WV,6
Morrilton,AR,1
Morristown,TN,2
Morrow,GA,1
Morrow,OH,1
Moscow,ID,1
Moss Point,MS,2
Moultrie,GA,3
Moundsview,MN,1
Mount Airy,NC,1
Mount Dora,FL,2
Mount Joy,PA,1
Mount Juliet,TN,4
Mount Olive,MS,1
Mount Pleasant,SC,2
Mount Pleasant,TX,1
Mount Prospect,IL,2
Mount Vernon,GA,1
Mountain Home,ID,1
Mountain View,CA,5
Mt. Laurel,NJ,1
Mt. Washington,KY,1
Muenster,TX,2
Mukilteo,WA,2
Mullica Hill,NJ,1
Mullins,SC,1
Mulvane,KS,1
Munford,AL,1
Murfreesboro,TN,10
Murphy,NC,1
Murrieta,CA,4
Murrysville,PA,1
Muscle Shoals,AL,1
Muskego,WI,2
Muskegon,MI,2
Muskogee,OK,1
Mustang,OK,2
Myrtle Beach,SC,5
Nanakuli,HI,1
Napa,CA,1
Napavine,WA,1
Naperville,IL,11
Naples,FL,12
Napoleonville,LA,1
Nashville,NC,2
Nashville,TN,52
Natchitoches,LA,3
Navarre,FL,1
Navasota,TX,1
Nazareth,PA,1
Needham,MA,1
Needville,TX,2
Neenah,WI,2
Nephi,UT,1
Neptune Beach,FL,1
Nesbit,MS,1
New Albany,IN,1
New Albany,OH,3
New Berlin,WI,1
New Bern,NC,1
New Braunfels,TX,1
New Canaan,CT,5
New Caney,TX,1
New Carlisle,IN,1
New Castle,PA,1
New Fairfield,CT,1
New Haven,CT,3
New Iberia,LA,3
New London,CT,1
New London,NC,1
New Melle,MO,1
New Orleans,LA,39
New Palestine,IN,2
New Providence,NJ,1
New Roads,LA,1
New Rochelle,NY,1
New Waverly,TX,1
New Windsor,NY,1
New York,NY,4
New York City,NY,1
Newark,DE,1
Newark,NJ,9
Newark,OH,1
Newark,TX,1
Newberry,SC,1
Newburgh,NY,1
Newbury,MA,1
Newbury Park,CA,3
Newcastle,WA,1
Newland,NC,1
Newnan,GA,4
Newport,NC,1
Newport Beach,CA,5
Newton,MA,1
Newton,NC,1
Newton,PA,1
Newton,TX,2
Niagara Falls,NY,1
Niceville,FL,3
Nicholasville,KY,1
Nicholls,GA,1
Niles,MI,1
Noblesville,IN,3
Nokesville,VA,1
Nokomis,FL,1
Nolensville,TN,2
Norco,CA,4
Norcross,GA,7
Norfolk,NE,2
Norfolk,VA,11
Normal,IL,2
Norman,OK,9
Norman Park,GA,1
Norris,SC,1
North Andover,MA,1
North Arlingtong,NJ,1
North Augusta,SC,2
North Canton,OH,1
North Charleston,SC,1
North Chesterfield,VA,1
North Haledon,NJ,1
North Highlands,CA,1
North Hollywood,CA,1
North Jackson,OH,1
North Las Vegas,NV,2
North Liberty,IA,1
North Little Rock,AR,1
North Ogden,UT,2
North Richland,TX,1
North Richland Hills,TX,2
North Salem,IN,1
North Salt Lake,UT,1
North Sioux City,SD,1
North Tulsa,OK,1
Northborough,MA,1
Northbrook,IL,2
Northport,AL,1
Northville,MI,4
Norwalk,CT,2
Norwalk,IA,2
Norwalk,OH,2
Norwell,MA,2
Novato,CA,2
O'Fallon,MO,2
Oacoma,SD,1
Oak Creek,WI,2
Oak Grove,LA,2
Oak Hill,VA,1
Oak Hills,CA,1
Oak Lawn,IL,2
Oak Park,CA,1
Oak Park,IL,1
Oak Park,MI,1
Oakboro,NC,1
Oakland,CA,9
Oakland,NE,1
Oakley,CA,1
Oakridge,FL,1
Ocala,FL,3
Ocean Springs,MS,3
Ocean Township,NJ,1
Oceanside,CA,3
Ocilla,GA,2
Ocoee,FL,5
Oconomowoc,WI,2
Odebolt,IA,1
Odessa,FL,1
Odessa,TX,3
Ogden,UT,1
Ohatchee,AL,1
Ojai,CA,1
Oklahoma City,OK,17
Olathe,KS,8
Olive Branch,MS,2
Olivette,MO,1
Olmsted Falls,OH,1
Olney,MD,3
Olympia,WA,2
Omaha,NE,33
Ona,WV,1
Ontario,CA,6
Ooltewah,TN,1
Opa-locka,FL,1
Opelika,AL,5
Opelousas,LA,1
Orange,CA,4
Orange,FL,1
Orange,TX,6
Orange Beach,AL,1
Orange City,FL,1
Orange County,CA,1
Orange Park,FL,3
Orefield,PA,1
Oregon City,OR,1
Orem,UT,5
Orinda,CA,2
Orion,IL,1
Orland Park,IL,1
Orlando,FL,37
Ormond Beach,FL,1
Oro Valley,AZ,1
Oshkosh,WI,1
Osseo,MN,1
Oswego,IL,2
Oswego,KS,1
Overland Park,KS,10
Oviedo,FL,3
Owasso,OK,3
Owensboro,KY,2
Owings,MD,2
Oxford,AL,2
Oxford,GA,1
Oxford,MI,1
Oxford,MS,4
Oxnard,CA,5
Oxon Hill,MD,1
Ozark,AR,1
Pace,FL,2
Pacific Palisades,CA,1
Pacoima,CA,1
Pahokee,FL,5
Paige,TX,1
Palatine,IL,2
Palestine,TX,1
Palm Bay,FL,2
Palm Beach Gardens,FL,3
Palm Coast,FL,1
Palm Desert,CA,1
Palm Harbor,FL,2
Palmdale,CA,5
Palmetto,FL,2
Palmyra,PA,1
Palmyra,VA,1
Palo Alto,CA,1
Palos Verdes,CA,1
Palos Verdes Estates,CA,2
Panama City,FL,1
Papillion,NE,1
Paris,TN,2
Paris,TX,2
Park City,UT,2
Park Ridge,IL,1
Parker,CO,1
Parkersburg,WV,1
Parkin,AR,1
Parkland,FL,1
Parkton,NC,1
Parkville,MO,3
Parsippany,NJ,2
Pasadena,CA,12
Pasadena,MD,2
Pasco,WA,2
Paterson,NJ,4
Paulsboro,NJ,1
Paw Paw,MI,1
Pawhuska,OK,2
Pawleys Island,SC,1
Paxton,MA,1
Payson,UT,1
Peachtree City,GA,1
Pearcy,AR,1
Pearl City,HI,1
Pearland,TX,9
Pelahatchie,MS,1
Pelham,AL,1
Pella,IA,1
Pembroke Pines,FL,3
Pendleton,IN,2
Pennington,NJ,1
Pennsauken,NJ,3
Pensacola,FL,11
Peoria,AZ,6
Peoria,IL,3
Perham,MN,1
Perkasie,PA,1
Perris,CA,1
Perry,FL,2
Perry,GA,2
Perry,OH,1
Perrysburg,OH,2
Petal,MS,3
Pflugerville,TX,3
Phenix City,AL,9
Philadelphia,MS,3
Philadelphia,PA,35
Phoenix,AZ,30
Phoenix,MD,1
Picayune,MS,1
Pickerington,OH,14
Piedmont,CA,1
Piedmont,OK,1
Piedmont,SC,2
Pierce,NE,1
Pierre,SD,2
Pike Road,AL,3
Pikesville,MD,1
Pikeville,KY,1
Pilot Mountain,NC,3
Pine Bluff,AR,4
Pine Mountain,GA,1
Pinecrest,FL,1
Pinehurst,NC,1
Pinson,AL,5
Pittsburg,CA,7
Pittsburg,KS,1
Pittsburgh,PA,22
Pittsford,NY,1
Plainfield,IL,4
Plainfield,IN,1
Plainfield,NJ,2
Plainsboro,NJ,1
Plainville,KS,2
Plano,TX,6
Plant City,FL,4
Plantation,FL,8
Platte City,MO,1
Platville,AL,1
Playa del Rey,CA,1
Pleasant Grove,AL,2
Pleasant Grove,UT,2
Pleasant Hill,IA,1
Pleasant Valley,IA,1
Pleasantville,NJ,2
Point Roberts,WA,1
Pomfret,CT,1
Pompano Beach,FL,7
Ponca City,OK,1
Ponce Inlet,FL,1
Ponchatoula,LA,2
Ponte Vedra,FL,1
Ponte Vedra Beach,FL,2
Pontiac,MI,1
Pontotoc,MS,1
Poplarville,MS,1
Port Arthur,TX,2
Port Chester,NY,1
Port Huron,MI,1
Port Neches,TX,1
Port Neches Grove,TX,1
Port Saint Joe,FL,1
Port St. Joe,FL,1
Port St. Lucie,FL,5
Port Sulpher,LA,1
Portage,MI,3
Portland,OR,27
Portsmouth,VA,3
Post,TX,1
Potomac,MD,3
Pottsgrove,PA,1
Pottsville,PA,1
Poway,CA,1
Powder Springs,GA,6
Powell,OH,3
Powell,TN,2
Prague,OK,2
Prairie Du Sac,WI,1
Prairie Village,KS,2
Prattville,AL,2
Prince George,VA,1
Princeton,IL,1
Princeton,NJ,3
Princeton,WV,1
Prior Lake,MN,3
Prosper,TX,3
Providence,UT,1
Providence Village,TX,1
Provo,UT,7
Pueblo,CO,1
Pukalani,HI,1
Punta Gorda,FL,1
Purcellville,VA,1
Purchase,NY,1
Puyallup,WA,4
Quakertown,PA,1
Queen City,TX,1
Queen Creek,AZ,5
Queens,NY,1
Quincy,FL,2
RIchmond,VA,1
Rabun County,GA,1
Raceland,LA,1
Racine,WI,2
Radcliff,KY,3
Radford,VA,2
Rahway,NJ,1
Raiford,FL,1
Raleigh,MS,1
Raleigh,NC,21
Ramsey,NJ,4
Rancho Cucamonga,CA,7
Rancho Santa Fe,CA,1
Rancho Santa Margarita,CA,4
Randallstown,MD,1
Rapid City,SD,1
Raymore,MO,3
Raynham,MA,1
Reading,PA,3
Red Bank,NJ,1
Red Oak,TX,4
Redding,CA,1
Redford,MI,1
Redlands,CA,2
Redondo Beach,CA,1
Redwood City,CA,1
Reform,AL,1
Reno,NV,5
Renton,WA,2
Reston,VA,1
Rex,GA,1
Reynoldsburg,OH,1
Rialto,CA,2
Riceboro,GA,1
Richardson,TX,2
Richboro,PA,1
Richfield,NC,1
Richfield,UT,1
Richland,WA,1
Richmond,CA,3
Richmond,KY,1
Richmond,TX,8
Richmond,VA,35
Richmond Heights,FL,1
Richmond Hill,GA,2
Richton Park,IL,1
Richwood,OH,1
Ridgefield Park,NJ,1
Ridgeland,MS,1
Ridgely,MD,2
Rigby,ID,1
Ringgold,GA,1
Rio Hondo,TX,1
Rio Linda,CA,1
Ripon,CA,2
Rison,AR,1
River Rouge,MI,1
Riverdale,GA,1
Riverside,CA,6
Riverton,UT,1
Riviera Beach,FL,3
Roanoke,AL,2
Roanoke,VA,4
Robbinsville,NJ,1
Robins,GA,1
Robins,IA,1
Roca,NE,2
Rochelle,GA,1
Rochester,IL,1
Rochester,MI,2
Rochester,NY,3
Rock Hill,SC,8
Rock Rapids,IA,2
Rock Valley,IA,1
Rockdale,TX,2
Rockingham,NC,2
Rockledge,FL,4
Rocklin,CA,1
Rockwall,TX,7
Rocky Hill,CT,1
Rocky Mount,NC,2
Roebuck,SC,2
Rohnert Park,CA,2
Rolesville,NC,1
Rome,GA,5
Romeo,MI,1
Rose Hill,KS,2
Roseburg,OR,1
Roseland,NJ,2
Rosemary Beach,FL,1
Rosemount,MN,2
Roseville,CA,4
Roseville,MI,2
Roswell,GA,18
Round Hill,VA,1
Round Rock,TX,8
Rowland Heights,CA,1
Rowlett,TX,1
Roxboro,NC,1
Roy,UT,1
Royal Center,IN,1
Royersford,PA,2
Royse City,TX,2
Russellville,AL,1
Rutherford,NJ,1
Rutherfordton,NC,1
Sabetha,KS,1
Sachse,TX,2
Sacramento,CA,12
Saddle River,NJ,1
Saint Augustine,FL,1
Saint Charles,IL,1
Saint Croix Falls,WI,1
Saint Francis,MN,1
Saint George,UT,1
Saint James,LA,1
Saint Johns,FL,1
Saint Louis,MO,1
Saint Paul,MN,1
Saint Petersburg,FL,1
Salem,MA,1
Salem,OR,3
Salem,UT,1
Salem,VA,3
Salina,KS,2
Salinas,CA,1
Saline,MI,2
Salisbury,MD,1
Salisbury,NC,3
Sallis,MS,1
Salt Lake City,UT,21
Sammamish,WA,4
San Angelo,TX,1
San Antonio,TX,18
San Bernardino,CA,2
San Bruno,CA,2
San Clemente,CA,7
San Diego,CA,38
San Francisco,CA,7
San Jacinto,CA,3
San Jose,CA,9
San Juan Capistrano,CA,4
San Leandro,CA,2
San Marcos,CA,4
San Mateo,CA,4
San Pedro,CA,2
San Ramon,CA,1
San Tan Valley,AZ,2
Sandersville,GA,1
Sandston,VA,1
Sandy,UT,5
Sanford,FL,8
Sanford,NC,1
Santa Ana,CA,8
Santa Barbara,CA,2
Santa Clara,CA,2
Santa Clara,UT,1
Santa Clarita,CA,2
Santa Cruz,CA,2
Santa Margarita,CA,1
Santa Monica,CA,1
Santa Rosa,CA,2
Santee,SC,1
Saraland,AL,3
Saranac Lake,NY,1
Sarasota,FL,10
Saratoga Springs,UT,2
Sardis,MS,1
Savannah,GA,21
Savannah,TN,1
Schererville,IN,1
Schnecksville,PA,1
Schuylkill Haven,PA,1
Science Hill,KY,1
Scituate,MA,2
Scottsbluff,NE,1
Scottsdale,AZ,22
Scranton,IA,1
Scranton,PA,2
Seabrook,SC,1
Searcy,AR,2
Seat Pleasant,MD,2
Seattle,WA,20
Sedalia,CO,2
Seffner,FL,4
Selby,SD,1
Selma,AL,2
Seminole,FL,1
Sergeant Bluff,IA,1
Severn,MD,1
Severna Park,MD,2
Seward,NE,1
Sewell,NJ,1
Shaker Heights,OH,1
Shakopee,MN,3
Shallotte,NC,1
Sharpsburg,GA,3
Shavertown,PA,1
Shawnee,KS,3
Shawnee Mission,KS,1
Shelby,NC,7
Shelby,OH,1
Shelbyville,TN,1
Shell,WY,1
Shenandoah,IA,1
Sherman Oaks,CA,1
Shillington,PA,2
Shiner,TX,1
Shippensburg,PA,1
Shoreline,WA,1
Shorewood,WI,1
Short Hills,NJ,1
Shreveport,LA,7
Sicklerville,NJ,6
Sickles,FL,1
Sierra Vista,AZ,1
Siloam Springs,AR,1
Silver Creek,MS,1
Silver Spring,MD,4
Silverdale,WA,1
Silverton,OR,2
Simi Valley,CA,7
Sioux Center,IA,1
Sioux City,IA,1
Sioux Falls,SD,3
Six Mile,SC,3
Skaneateles,NY,1
Skillman,NJ,1
Skokie,IL,1
Slidell,LA,1
Slinger,WI,1
Smithfield,UT,1
Smyrna,DE,1
Smyrna,GA,3
Smyrna,TN,1
Snellville,GA,8
Snohomish,WA,2
Snoqualmie,WA,4
Solana Beach,CA,1
Solon,IA,1
Solon,OH,2
Somers,NY,1
Somerset,KY,2
Somerset,NJ,2
Sonora,CA,2
Sophia,WV,1
South Bend,IN,2
South Brunswick,NJ,1
South Central,CA,1
South Central Los Angeles,CA,2
South Chesterfield,VA,1
South Elgin,IL,1
South Hill,WA,1
South Holland,IL,1
South Jordan,UT,8
South Kent,CT,1
South Lake Tahoe,CA,1
South Lyon,MI,1
South Miami,FL,2
South Pasadena,CA,1
South Riding,VA,1
Southaven,MS,2
Southeast San Diego,CA,1
Southern Pines,NC,1
Southfield,MI,6
Southlake,TX,13
Spanaway,WA,1
Spanish Fork,UT,3
Spanish Fort,AL,1
Sparr,FL,1
Spartanburg,SC,3
Spearman,TX,1
Spencer,NC,1
Spokane,WA,7
Spotswood,NJ,1
Spotsylvania,VA,2
Spring,TX,5
Spring Branch,TX,2
Spring Green,WI,1
Spring Grove,IL,1
Spring Hill,TN,3
Spring Valley,CA,1
Spring Valley,IL,1
Spring Valley,WI,1
Springdale,AR,3
Springdale,MD,1
Springfield,IL,3
Springfield,KY,1
Springfield,MA,6
Springfield,MO,2
Springfield,OH,3
Springfield,OR,1
Springfield,VA,3
Springville,UT,1
St. Amant,LA,1
St. Augustine,FL,2
St. Charles,IL,4
St. Charles,MO,2
St. Clairsville,OH,1
St. Cloud,MN,1
St. Francis,KS,1
St. Gabriel,LA,1
St. George,UT,6
St. James,LA,1
St. Johns,MI,1
St. Louis,MO,40
St. Matthews,SC,1
St. Paul,MN,2
St. Petersburg,FL,16
St. Rose,LA,1
St. Simons Island,GA,1
Stafford,TX,1
Stafford,VA,6
Stanhope,NJ,1
Stanwood,WA,1
Starke,FL,4
Starkville,MS,3
State College,PA,3
Staten Island,NY,5
Statesboro,GA,4
Statesville,NC,1
Stayton,OR,1
Steilacoom,WA,1
Stephens City,VA,1
Stephenville,TX,1
Sterling,VA,2
Sterling Heights,MI,2
Steubenville,OH,1
Stevens,PA,1
Stevenson Ranch,CA,2
Stillwater,MN,2
Stillwater,OK,10
Stilwell,KS,2
Stockbridge,GA,3
Stockton,CA,6
Stone Mountain,GA,5
Story City,IA,1
Stoughton,WI,2
Stow,OH,1
Stratford,WI,1
Streetsboro,OH,1
Strongsville,OH,3
Stroudsburg,PA,1
Stuart,FL,2
Suamico,WI,1
Subligna,GA,1
Sudbury,MA,2
Suffield,CT,1
Suffolk,VA,3
Sugar Hill,GA,1
Sugar Land,TX,4
Summerville,SC,1
Summit,NJ,2
Sumner,WA,2
Sumrall,MS,1
Sumter,SC,11
Sun Prairie,WI,4
Sunnyvale,TX,1
Sunrise,FL,5
Sunset,LA,1
Sunset Beach,HI,1
Surprise,AZ,1
Sussex,WI,3
Suwanee,GA,20
Swainsboro,GA,4
Swansboro,NC,1
Sykesville,MD,1
Sylva,NC,1
Syracuse,NY,4
Syracuse,UT,1
Tacoma,WA,10
Talihina,OK,1
Tallahassee,FL,23
Tallmadge,OH,1
Tamarac,FL,1
Tampa,FL,53
Tappahannock,VA,1
Tarrytown,NY,1
Tatum,TX,1
Taylors,SC,1
Taylorsville,MS,2
Taylorsville,NC,1
Taylorsville,UT,2
Teaneck,NJ,1
Temecula,CA,7
Tempe,AZ,4
Temple,TX,6
Temple Hills,MD,1
Templeton,CA,1
Tenaha,TX,1
Tenino,WA,1
Terrell,TX,1
Texarkana,AR,1
Texarkana,TX,5
The Colony,TX,1
The Woodlands,TX,10
Theodore,AL,3
Thibodaux,LA,1
Thomas,OK,1
Thomaston,GA,1
Thomasville,GA,3
Thompson's Station,TN,3
Thousand Oaks,CA,2
Tiffin,IA,1
Tifton,GA,3
Tigard,OR,1
Tiger,GA,2
Timmonsville,SC,1
Timonium,MD,1
Tinley Park,IL,1
Tipp City,OH,1
Tipton,IA,1
Tipton,IN,1
Titusville,FL,3
Toccoa,GA,2
Toledo,OH,3
Tomball,TX,6
Tooele,UT,1
Topeka,KS,2
Torrance,CA,2
Towson,MD,3
Tracy,CA,1
Tracy,MN,1
Trafford,PA,1
Traverse City,MI,3
Trenton,NJ,3
Trenton,TN,3
Trophy Club,TX,1
Troy,MI,1
Troy,MO,1
Trumbull,CT,1
Trussville,AL,12
Tualatin,OR,2
Tucker,GA,2
Tucson,AZ,17
Tulsa,OK,22
Tumwater,WA,3
Tunica,MS,2
Tupelo,MS,5
Turlock,CA,3
Turpin,OK,1
Tuscaloosa,AL,10
Tuscola,TX,1
Tuscon,AZ,1
Tuskegee,AL,1
Tustin,CA,1
Twentynine Palms,CA,1
Tyler,TX,9
Tylertown,MS,2
Tyrone,GA,4
Underwood,IA,1
Union,KY,2
Union,NJ,2
Union City,NJ,1
Uniontown,PA,2
Upland,CA,3
Upper Arlington,OH,1
Upper Marlboro,MD,12
Upper Saddle River,NJ,1
Upton,KY,1
Urbandale,IA,5
Vacaville,CA,3
Vacherie,LA,1
Valdosta,GA,9
Valencia,CA,1
Vallejo,CA,1
Valley Center,CA,1
Valley Stream,NY,1
Valparaiso,IN,1
Valrico,FL,1
Van Meter,IA,2
Van Nuys,CA,3
Vancouver,WA,3
Varnville,SC,1
Venice,FL,3
Ventura,CA,3
Veradale,WA,2
Vero Beach,FL,2
Verona,NJ,1
Verona,WI,4
Vestavia Hills,AL,7
Vian,OK,1
Vicksburg,MS,3
Victor,NY,2
Victoria,MN,1
Victorville,CA,1
Vienna,VA,2
Villa Park,CA,1
Villa Rica,GA,2
Vineland,NJ,1
Virgie,KY,1
Virginia Beach,VA,16
Visalia,CA,1
Vivian,LA,1
Voorhees,NJ,1
Wabasso,FL,1
Waco,TX,10
Wagener,SC,1
Wagoner,OK,2
Wahiawa,HI,1
Wahoo,NE,1
Wailuku,HI,1
Waimanalo,HI,4
Waipahu,HI,3
Wake Forest,NC,7
Waldorf,MD,7
Wales,WI,1
Walhalla,SC,1
Walker,LA,2
Walkersville,MD,1
Wall,TX,1
Waller,TX,1
Wallingford,CT,1
Walnut Creek,CA,2
Warner Robins,GA,5
Warren,AR,2
Warren,MI,3
Warren,NJ,2
Warrenton,NC,1
Warrenton,VA,1
Warsaw,IN,1
Wartrace,TN,1
Washington,DC,20
Washington,IL,1
Washington,MI,1
Washington,MO,3
Washington,NC,2
Washington,PA,3
Washington Court House,OH,1
Waterloo,IA,2
Watertown,MA,1
Watertown,TN,1
Watertown,WI,1
Watkinsville,GA,3
Watson,AL,1
Watson,LA,1
Waukee,IA,1
Waukesha,WI,2
Waukon,IA,1
Waunakee,WI,3
Waverly,IA,2
Waxahachie,TX,5
Waxhaw,NC,3
Waycross,GA,3
Wayne,NJ,3
Waynesville,NC,1
Wayzata,MN,2
Weatherford,OK,1
Weatherford,TX,1
Webb City,MO,1
Webster,TX,1
Weddington,NC,4
Weldon Spring,MO,1
Wellington,FL,1
Wendell,NC,1
Wentzville,MO,1
Wesley Chapel,FL,2
West Bloomfield,MI,7
West Branch,IA,1
West Chester,OH,4
West Chester,PA,2
West Chicago,IL,1
West Columbia,SC,1
West Columbia,TX,2
West Covina,CA,2
West Dallas,TX,1
West Deptford,NJ,1
West Des Moines,IA,9
West Islip,NY,1
West Jordan,UT,4
West Lafayette,IN,4
West Lafayette,OH,1
West Linn,OR,4
West Long Branch,NJ,1
West Mifflin,PA,1
West Monroe,LA,5
West Orange,NJ,3
West Palm Beach,FL,10
West Park,FL,1
West Pittston,PA,2
West Point,VA,1
West Roxbury,MA,1
West Seattle,WA,1
West Valley City,UT,2
West Warwick,RI,1
Westboro,MA,1
Westbury,NY,1
Westerville,OH,1
Westfield,IN,4
Westfield,NJ,2
Westlake,CA,1
Westlake,OH,1
Westlake Village,CA,7
Weston,FL,4
Westover,WV,1
Westport,CT,4
Wetumpka,AL,2
Wexford,PA,3
Wheatland,CA,1
Wheaton,IL,5
White,GA,1
White Castle,LA,1
White House,TN,1
Whitefish Bay,WI,2
Whitehouse,TX,1
Whiteville,NC,1
Whittier,CA,2
Wichita,KS,10
Wichita Falls,TX,5
Wilkesboro,NC,1
Williamsburg,IA,1
Williamson,GA,1
Williamsport,PA,1
Williamston,MI,1
Williamstown,NJ,2
Williamsville,NY,1
Willingboro,NJ,4
Wilmette,IL,2
Wilmington,DE,2
Wilmington,NC,2
Wilmington,OH,1
Wiloughby,OH,1
Wilton,CT,1
Winchester,KY,1
Winchester,TN,1
Windermere,FL,2
Windsor,CT,2
Winnetka,IL,2
Winona,MN,1
Winona,MS,1
Winston-Salem,NC,11
Winter Garden,FL,7
Winter Haven,FL,2
Winter Park,FL,6
Winterset,IA,1
Wixom,MI,1
Woodbridge,VA,7
Woodburn,OR,1
Woodbury,MN,2
Woodbury,NJ,1
Woodinville,WA,4
Woodland Hills,CA,1
Woodmere,LA,1
Woodruff,SC,2
Woods Cross,UT,2
Woodside,CA,2
Woodstock,GA,6
Woodville,TX,1
Worcester,MA,3
Wylie,TX,2
Wymore,NE,1
Wyoming,MI,1
Wyoming,OH,1
Xenia,OH,1
Yazoo City,MS,1
Yelm,WA,2
Yorba Linda,CA,3
York,NE,1
York,PA,4
York,SC,1
Yorktown Heights,NY,1
Yorkville,IL,1
Youngstown,OH,7
Youngsville,LA,1
Ypsilanti,MI,4
Yuba City,CA,2
Yukon,OK,1
Yulee,FL,1
Zachary,LA,4
Zanesville,OH,1
Zelienople,PA,2
Zephyrhills,FL,2
Zionsville,IN,3
